{
  "pools": [
    {
      "rolls": {
        "min": 3,
        "max": 9
      },
      "bonus_rolls": {
        "min": 0,
        "max": 2
      },
      "entries": [
        {
          "type": "item",
          "name": "minecraft:stone",
          "weight": 5,
          "functions": [
            {
              "function": "set_data",
              "data": 0
            }
          ]
        },
        {
          "type": "item",
          "name": "minecraft:stone",
          "weight": 4,
          "functions": [
            {
              "function": "set_data",
              "data": 6
            }
          ]
        },
        {
          "type": "item",
          "name": "minecraft:planks",
          "weight": 5,
          "functions": [
            {
              "function": "set_data",
              "data": 0
            }
          ]
        },
        {
          "type": "item",
          "name": "minecraft:planks",
          "weight": 4,
          "functions": [
            {
              "function": "set_data",
              "data": 1
            }
          ]
        },
        {
          "type": "item",
          "name": "minecraft:diamond_sword",
          "weight": 4
        },
        {
          "type": "item",
          "name": "minecraft:golden_sword",
          "weight": 3
        },
        {
          "type": "item",
          "name": "minecraft:stone_sword",
          "weight": 4
        },
        {
          "type": "item",
          "name": "minecraft:snowball",
          "weight": 5
        },
        {
          "type": "item",
          "name": "minecraft:egg",
          "weight": 5
        },
        {
          "type": "item",
          "name": "minecraft:bow",
          "weight": 2,
          "functions": [
            {
              "function": "enchant_randomly",
              "enchantments": [
                "power"
              ],
              "conditions": [
                {
                  "condition": "random_chance",
                  "chance": 0.5
                }
              ]
            }
          ]
        },
        {
          "type": "item",
          "name": "minecraft:water_bucket",
          "weight": 3
        },
        {
          "type": "item",
          "name": "minecraft:lava_bucket",
          "weight": 3
        },
        {
          "type": "item",
          "name": "minecraft:diamond_pickaxe",
          "weight": 2,
          "quality": -1
        },
        {
          "type": "item",
          "name": "minecraft:diamond_axe",
          "weight": 2,
          "quality": -1
        },
        {
          "type": "item",
          "name": "minecraft:cooked_beef",
          "weight": 2,
          "quality": -2
        },
        {
          "type": "item",
          "name": "minecraft:splash_potion",
          "weight": 1,
          "functions": [
            {
              "function": "set_nbt",
              "tag": "{Potion:\"minecraft:long_swiftness\"}"
            }
          ]
        },
        {
          "type": "item",
          "name": "minecraft:splash_potion",
          "weight": 1,
          "functions": [
            {
              "function": "set_nbt",
              "tag": "{Potion:\"minecraft:regeneration\"}"
            }
          ]
        },
        {
          "type": "item",
          "name": "minecraft:splash_potion",
          "weight": 1,
          "functions": [
            {
              "function": "set_nbt",
              "tag": "{Potion:\"minecraft:long_regeneration\"}"
            }
          ]
        },
        {
          "type": "item",
          "name": "minecraft:splash_potion",
          "weight": 1,
          "functions": [
            {
              "function": "set_nbt",
              "tag": "{Potion:\"minecraft:poison\"}"
            }
          ]
        },
        {
          "type": "item",
          "name": "minecraft:potion",
          "weight": 1,
          "functions": [
            {
              "function": "set_nbt",
              "tag": "{Potion:\"minecraft:fire_resistance\"}"
            }
          ]
        },
        {
          "type": "item",
          "name": "minecraft:diamond_helmet",
          "weight": 1
        },
        {
          "type": "item",
          "name": "minecraft:diamond_chestplate",
          "weight": 1
        },
        {
          "type": "item",
          "name": "minecraft:diamond_leggings",
          "weight": 1
        },
        {
          "type": "item",
          "name": "minecraft:diamond_boots",
          "weight": 1
        },
        {
          "type": "item",
          "name": "minecraft:iron_helmet",
          "weight": 1
        },
        {
          "type": "item",
          "name": "minecraft:iron_chestplate",
          "weight": 1
        },
        {
          "type": "item",
          "name": "minecraft:iron_leggings",
          "weight": 1
        },
        {
          "type": "item",
          "name": "minecraft:iron_boots",
          "weight": 1
        },
        {
          "type": "item",
          "name": "minecraft:enchanting_table",
          "weight": 1,
          "quality": -1
        },
        {
          "type": "item",
          "name": "minecraft:experience_bottle",
          "weight": 1,
          "quality": -1
        }
      ]
    }
  ]
}