{
  "pools": [
    {
      "rolls": {
        "min": 5,
        "max": 11
      },
      "bonus_rolls": {
        "min": 0,
        "max": 3
      },
      "entries": [
        {
          "type": "item",
          "name": "minecraft:planks",
          "weight": 4,
          "functions": [
            {
              "function": "set_data",
              "data": 0
            }
          ]
        },
        {
          "type": "item",
          "name": "minecraft:snowball",
          "weight": 4
        },
        {
          "type": "item",
          "name": "minecraft:diamond_chestplate",
          "weight": 2
        },
        {
          "type": "item",
          "name": "minecraft:diamond_helmet",
          "weight": 2
        },
        {
          "type": "item",
          "name": "minecraft:diamond_boots",
          "weight": 2
        },
        {
          "type": "item",
          "name": "minecraft:golden_chestplate",
          "weight": 2
        },
        {
          "type": "item",
          "name": "minecraft:ender_pearl",
          "weight": 1
        },
        {
          "type": "item",
          "name": "minecraft:golden_apple",
          "weight": 2,
          "functions": [
            {
              "function": "set_data",
              "data": 0
            }
          ]
        },
        {
          "type": "item",
          "name": "minecraft:spawn_egg",
          "weight": 1,
          "functions": [
            {
              "function": "set_nbt",
              "tag": "{EntityTag:{id:skeleton}}"
            }
          ]
        },
        {
          "type": "item",
          "name": "minecraft:spawn_egg",
          "weight": 1,
          "functions": [
            {
              "function": "set_nbt",
              "tag": "{EntityTag:{id:minecraft:blaze}}"
            }
          ]
        },
        {
          "type": "item",
          "name": "minecraft:lava_bucket",
          "weight": 3
        },
        {
          "type": "item",
          "name": "minecraft:experience_bottle",
          "weight": 3,
          "quality": -1
        },
        {
          "type": "item",
          "name": "minecraft:diamond_axe",
          "weight": 3
        },
        {
          "type": "item",
          "name": "minecraft:diamond_pickaxe",
          "weight": 3
        },
        {
          "type": "item",
          "name": "minecraft:bow",
          "weight": 2
        },
        {
          "type": "item",
          "name": "minecraft:arrow",
          "weight": 3
        },
        {
          "type": "item",
          "name": "minecraft:tnt",
          "weight": 3
        },
        {
          "type": "item",
          "name": "minecraft:flint_and_steel",
          "weight": 3
        },
        {
          "type": "item",
          "name": "minecraft:diamond_sword",
          "weight": 2
        },
        {
          "type": "item",
          "name": "minecraft:fishing_rod",
          "weight": 2,
          "functions": [
            {
              "function": "enchant_randomly",
              "enchantments": [
                "knockback"
              ]
            }
          ]
        },
        {
          "type": "item",
          "name": "minecraft:slime_ball",
          "weight": 1,
          "quality": 5
        },
        {
          "type": "item",
          "name": "minecraft:splash_potion",
          "weight": 3,
          "functions": [
            {
              "function": "set_nbt",
              "tag": "{Potion:\"minecraft:strong_swiftness\"}"
            }
          ]
        },
        {
          "type": "item",
          "name": "minecraft:ender_eye",
          "weight": 1
        },
        {
          "type": "item",
          "name": "minecraft:golden_apple",
          "weight": 1,
          "functions": [
            {
              "function": "set_data",
              "data": 1
            }
          ]
        }
      ]
    }
  ]
}